0,1,label
0.7323883966641151,0.6616896546308425,0
0.8213851392048416,0.8919296584081229,0
0.19715385017294895,0.8066259532990103,0
0.7496116806886567,0.9400502197610557,0
0.041984713650518035,0.06671026046343431,0
0.6007677933084069,0.1686717654184794,0
0.840699377926484,0.26491307727692825,0
0.4566221567555959,0.1600922709020014,0
0.20342742677444525,0.6456491770091916,0
0.6048471797179286,0.4338933790992796,0
0.11182289405166557,0.8179960427063208,0
0.560674492635627,0.9481375447443239,0
0.9724832161000855,0.2735153258436591,0
0.3268880236591948,0.8523724972583938,0
0.4857957057746717,0.5479542146518297,0
0.09809766578818557,0.6393768754760925,0
0.2418143622135267,0.8443203137286972,0
0.9041417868785341,0.5410986370994876,0
0.26946583988876116,0.12077474717271497,0
0.8161963420118516,0.14652441444081232,0
0.24180606319971376,0.5819025202170738,0
0.3029664264815398,0.30821025117296363,0
0.0824023160416203,0.8649830674545915,0
0.24393364101299853,0.8821672364359064,0
0.7266643128336185,0.9119928377817422,0
0.374577352651274,0.27256830582186764,0
0.4721068878062248,0.623760814908916,0
0.7784747138595599,0.37666093109046106,0
0.26208455506703476,0.34913350152722844,0
0.8961972407031209,0.7008985704601963,0
0.9168384666193873,0.2962405250538841,0
0.24472604868662606,0.4492239897862026,0
2.7631218536307975,2.816739203261616,1
0.853464507820839,0.1847627785510111,0
0.4280487324346174,0.4138983870325815,0
0.16637704434839995,0.803189593891174,0
0.23356494310817333,0.6688542292188969,0
2.2261707071834116,2.7561086598554807,1
0.5225159836685854,0.8972388971307417,0
0.4697428496780729,0.3190373102226456,0
0.6274603090023931,0.7379062352984911,0
0.6825499315207914,0.7910344758311356,0
0.7681763243410364,0.6533359457728413,0
0.5656132825573819,0.6702455150654293,0
0.2657089965638566,0.35684294969084374,0
0.25973168632278165,0.20227506366580372,0
0.38679936366017575,0.6253071314820461,0
0.5562040729178042,0.6670081319958189,0
0.12161622032852215,0.5829130304202664,0
0.681339060980298,0.9476364288273825,0
0.4304265955427715,0.37022781330482535,0
0.7340282499477964,0.20999007896697142,0
0.2375626421316055,0.8334895878808438,0
0.7830778228816301,0.004020516709662414,0
0.25313039778573,0.37518583948205164,0
0.8749380702675685,0.9616544460633081,0
0.10355409082690703,0.8629759528957649,0
0.15318343892641317,0.1345686940748969,0
0.022356541628040683,0.03133154704996499,0
0.6443059785057094,0.6528341356209068,0
0.7221665790458877,0.6888368438424272,0
0.07832508338050892,0.8573232604272351,0
2.5961089061447122,2.5872060859358323,1
0.9485785278590261,0.06764946179674325,0
0.7772762944281467,0.30444911378262907,0
0.026037047484710252,0.6929154624925821,0
0.5749002526890348,0.5614143729341449,0
0.886202322161412,0.26715896551725704,0
0.5376619204736783,0.6256210147575857,0
0.7229611828014678,0.641954221891959,0
0.8421271749130488,0.6819902626095756,0
0.9312463573885505,0.045408130031661775,0
0.06837904624609803,0.16945208759663744,0
0.8050413539442184,0.6814508586575172,0
0.1603093244938023,0.06922276649401848,0
0.406404353877449,0.9478160148171337,0
0.6067080483335461,0.98025168322122,0
0.4748258895512041,0.6163660549895562,0
2.549923219836884,2.30809383055163,1
0.5501188443648009,0.4198983728027422,0
0.2765131439284938,0.28820976135128495,0
0.6342984494917302,0.059675304270479845,0
0.5001732236968255,0.2877700275234947,0
0.45211247138737276,0.019540593948205398,0
0.46429402374876283,0.18614317600668273,0
0.4599644879757545,0.04343689555175867,0
0.06974521045479376,0.21152559783751257,0
0.893729847319467,0.4937706004652618,0
0.3780056202147817,0.4762737022244308,0
0.3630702567160178,0.8238676342126457,0
0.5776364631972725,0.6578197914589122,0
0.26219277282289977,0.41712333401986046,0
0.8015963865833273,0.14774072093326296,0
0.8250135312664713,0.6815351565012163,0
0.8179600437861055,0.08844415378289006,0
0.6718092360604683,0.42618540508929803,0
0.3902700238816784,0.43262707664078814,0
0.309787025617272,0.3196704675395887,0
0.29646967358519616,0.6222334695663375,0
0.1423870286063822,0.21489730660445683,0
2.9578181262248355,2.911038802545688,1
0.6580271999362685,0.7499240559221905,0
0.20842938772886221,0.49831757033017754,0
0.15126345583641665,0.5006823084797339,0
0.32182160448096664,0.13305029210247943,0
2.221088502475706,2.9251145112871675,1
0.669267749245955,0.1841450785627532,0
0.40165713826807525,0.34875246496166423,0
0.9452435794048166,0.39490041795658937,0
2.4045560074095516,2.9792563079986945,1
0.7078722526620596,0.35427132853742993,0
0.36183769092250617,0.9024949904828704,0
0.6568539860141878,0.6934239948783226,0
0.30764565163492985,0.4559095460995609,0
0.01382006077292286,0.5037957269127152,0
0.6818444887444353,0.3312177509628005,0
2.190672619473719,2.4633755779095043,1
2.377132737682307,2.2939740336582366,1
0.6087434607024086,0.7224761375930574,0
0.24916434990037872,0.22292154595328484,0
0.46376848333471765,0.5422321915955977,0
0.2647990145255671,0.23472404299370098,0
0.10914083169498001,0.23165237479248602,0
0.28203924432298544,0.8434276839842698,0
0.6906017573771152,0.9772327698761403,0
0.6229884376004665,0.2060065494490616,0
0.6770804966561367,0.3399588661700149,0
0.3382385180072619,0.03451756011227769,0
0.6905929236875944,0.9306331778042422,0
0.3175594719975986,0.23415060427689816,0
0.8625663313234059,0.7078997685586529,0
0.890979495210316,0.01880428830352987,0
0.8476316614475808,0.8975164832164453,0
0.02344772540680473,0.8210273147165559,0
0.5711452816260038,0.5836440310898909,0
0.46117194023360963,0.1174682868538911,0
0.510760745949082,0.4745659499775252,0
0.5027364268637189,0.7486716267186415,0
0.9757071136715032,0.21327530112111315,0
0.30806009928103206,0.7851387116696337,0
0.1270026693157117,0.07768394868691175,0
0.4854106640337349,0.21123751371979005,0
0.9322149268818775,0.646243583982353,0
0.4997748304236813,0.3496736224587219,0
0.8742085608248559,0.9842936787158498,0
0.15016076031467362,0.044032280022418324,0
0.8203114034028244,0.29349842722371045,0
0.6909802256633193,0.1538775716040014,0
0.023842854573044248,0.9531928729634476,0
0.4468380643923273,0.3064244793612393,0
0.8893497941213966,0.3421993624467261,0
0.5244615485097851,0.44061167304840365,0
0.7892905187911368,0.5807377903851942,0
0.21645558348934746,0.08695677598537621,0
0.6032966234477006,0.8953267826480776,0
0.1804912023761558,0.6001778378470457,0
0.7697255904089348,0.7786782303792268,0
0.49949304762317537,0.8025513693212049,0
0.12650560965548296,0.5979098537699267,0
0.9796246577426738,0.5870042676559484,0
0.6168873923598015,0.5599849535723052,0
2.265264607603712,2.8817871774950223,1
0.2944095093286123,0.667643805058659,0
0.8660646721983519,0.1316662849035528,0
0.6979384318519811,0.0999280008454686,0
0.20008714069109623,0.777418269317046,0
0.07740045456613631,0.6033200716033428,0
0.9311106484718693,0.161575676782865,0
0.7871805710234994,0.7739497014647783,0
0.4861996080885511,0.2570616363227447,0
2.716458455343491,2.049005001781672,1
0.2696496684150105,0.9324568380440933,0
0.5401253360469552,0.18140372902279778,0
0.5611013725032253,0.10684521811372527,0
2.688758296470207,2.3344190700913794,1
0.3980754915480752,0.06452990460920993,0
0.16854395435037217,0.5880084833900228,0
0.9008614048510366,0.5339918018745589,0
0.038728901966383567,0.00798139899902739,0
0.651530502056977,0.7709764412914607,0
0.35581001596808426,0.29559641004791803,0
0.7107393281478007,0.4982249119158729,0
0.5222433888436138,0.7139785621348067,0
0.23206652576426823,0.35842300000144345,0
0.8810148061060028,0.831059614949383,0
0.8812705089904604,0.9860187540530281,0
2.1034786027579697,2.8524314207325334,1
0.7532340739562782,0.4278848699112383,0
0.37254930655340224,0.39485428412991075,0
2.345021385317041,2.046542935924693,1
0.7186899598723773,0.4535846281446172,0
0.025050381069039007,0.61854023249399,0
0.04162902459770779,0.20305208859367696,0
0.22191444148402473,0.8538642091382119,0
2.435802029810277,2.699862524481476,1
0.17128505006818062,0.5431775938774629,0
0.9471787744292574,0.1651468032399005,0
0.7544616612590644,0.7019023281774427,0
0.17774751229197805,0.8563604058009233,0
0.584800772245992,0.7049431733574387,0
2.7594948275590223,2.0561989241830734,1
0.730176829823015,0.6281746051830619,0
0.9331755829717978,0.20532306806012057,0
0.04987423540173985,0.7996776583309392,0
0.14459217830582727,0.8154757815125666,0
0.5145365890279734,0.6029979229350433,0
0.22574194115893165,0.8284653409896418,0
0.5101021274042946,0.09347820910504778,0
0.9869301769502711,0.7686948248878981,0
0.3682768546243592,0.5129906425299907,0
0.8267614350366161,0.2097020633748019,0
0.8841662458475532,0.4774646786241711,0
0.4738875830071675,0.9403474655107915,0
0.36193660019237606,0.0022052309175473184,0
0.746261185517218,0.2725183940114213,0
0.07807978090242973,0.2773998536706671,0
0.6799216950561722,0.6255169382586404,0
0.8697395327155009,0.6441188126292925,0
2.378001956259886,2.683372678529799,1
0.44076262539716615,0.7405270740171142,0
0.03272907191347729,0.790487635976867,0
0.9678190747141678,0.16290593915045093,0
2.290428643788124,2.223526714797276,1
0.7654437806106923,0.4132952544675009,0
0.13464185681256102,0.9199611315725905,0
0.9977438596429693,0.7787367687884671,0
0.20820311781795597,0.5402515462200895,0
0.850954964641867,0.14121088300947426,0
0.3519000465941916,0.4543675121529348,0
0.8614241872834588,0.5569107789687838,0
0.5714643629388654,0.13981437839602628,0
0.10317852566882835,0.05903850269702371,0
0.1013250152164129,0.17292805782991139,0
0.07337632512697767,0.46525516704414593,0
0.014304034286268252,0.8322342556397787,0
0.2351077359934728,0.2831081415149753,0
0.8564045561360908,0.27612913802120875,0
0.9327965219738865,0.5888377363130083,0
0.561714328997662,0.6509167134688763,0
0.6325630530419502,0.8991563925920857,0
0.9296849217505051,0.9331271319175592,0
0.825437497679592,0.190731394240637,0
0.24870764476024,0.7148702539937035,0
0.9316955565891493,0.5647977753519856,0
0.09428140285122422,0.13011352052052128,0
0.4169540769770754,0.2451990258808212,0
0.9727638424122185,0.06342358601235132,0
0.01051815965710845,0.1611875096632016,0
0.8299672597691368,0.4626629704224213,0
0.8264553072223176,0.8884884063181521,0
0.908406866685109,0.43454765517008775,0
0.35967810471047734,0.676447616496814,0
2.816829757783039,2.7100803482887352,1
0.8434519945534003,0.661591333415524,0
0.6356121669571942,0.042485690577518165,0
0.7284718626721389,0.08760694420054782,0
0.7531838241636437,0.36220401724833473,0
0.20033189832881737,0.8734490570461179,0
0.2372463000921725,0.21848730611187073,0
0.2361680324575155,0.6342085717933967,0
0.4520838847420613,0.9865082064419894,0
0.9982596678029364,0.07879389765486211,0
0.03160908028846088,0.9016977844497734,0
0.8132557973730735,0.654667018876952,0
0.006527022845550623,0.9428814978312392,0
2.8765671776939232,2.989685019809662,1
0.5331659236043339,0.9541142416146765,0
0.03222567905150231,0.6826787123472978,0
0.34310611177364425,0.2404062013249183,0
0.6980886623729442,0.7421258041508233,0
0.37319854158538623,0.8309498558447249,0
2.7085990432785376,2.344214741514149,1
0.8586411371903349,0.2615319780013645,0
2.5298299660433066,2.737647942647812,1
0.9534954150853691,0.16997141916463765,0
2.0752029003656007,2.1566245041789367,1
0.6619478582017773,0.2838642585886373,0
0.9806372826828752,0.3546328734542711,0
0.5216202919170357,0.1669067594042295,0
0.21809587158671317,0.966646030213997,0
2.55546859390129,2.465426537828111,1
0.5435927147863004,0.6294033031480197,0
0.16480960985557846,0.36559646193054973,0
0.24804404665475588,0.660939262186223,0
0.08927727921713946,0.18151975260173925,0
0.33350620622279603,0.28514233504253095,0
2.3459181335210473,2.784628992392224,1
0.832713758032652,0.4210027844064166,0
0.028245486498426953,0.5503152890271311,0
0.6429701585066814,0.003057211912288027,0
0.5838960711977834,0.45573327858511237,0
0.08927366390710667,0.11683448818313458,0
0.13046853547499193,0.943994826911148,0
0.4698198412435284,0.24043260452048598,0
0.3125940376589096,0.8376805935278355,0
0.445166307805422,0.3044971693714562,0
0.004141255869861249,0.4541069751444631,0
0.7831403725819888,0.3468351715487463,0
0.7111449416970567,0.259368868071962,0
0.8856474802261466,0.8335656971289702,0
0.5517835118381546,0.9498965328927248,0
0.7689922443398911,0.09634331799175389,0
0.46211610202199094,0.04055632206692383,0
0.5079382860112936,0.5258708481256976,0
0.6212003473800661,0.8865363352778272,0
0.9543216597729881,0.3646176941623276,0
0.20411612691874514,0.9662821823155352,0
0.2398004140529013,0.4245506818898125,0
0.026039795033541147,0.10285567321520173,0
2.4476407465537013,2.5463649499779617,1
0.4394744874977641,0.7343296283302352,0
0.07002605958212194,0.6875562526585506,0
0.08479390713314938,0.9252961200326906,0
0.5736530047084967,0.6266376810951468,0
0.11387337231949302,0.5404621212266768,0
0.1575598121562818,0.23326072411862986,0
0.9476241617089096,0.2605470619600253,0
0.19212517532539708,0.7243978218279412,0
0.546345476240763,0.8769867544431013,0
0.4368968203212449,0.5058123736203609,0
0.06360213453773478,0.9036990832557487,0
0.8693532377403147,0.36110717180180796,0
0.5265334251114299,0.005977307000490817,0
0.9104556349612285,0.714938451400921,0
0.17536724220312183,0.5436482211054882,0
0.5577889273348688,0.5199829826296762,0
0.8405817419571032,0.694960292422911,0
0.8724909496098958,0.0220664412209981,0
0.5893631129648893,0.9718611937515179,0
0.8127762953218187,0.8971349275202087,0
2.667727598848555,2.900364396663728,1
0.33856079768659975,0.4070301499198383,0
0.5253395808330179,0.2190437102040913,0
0.2992967881633928,0.8131514873036808,0
0.7709226640958143,0.7596329455673514,0
0.2644467839938006,0.822942517719261,0
0.13264658113950645,0.522299073255579,0
0.640453939095893,0.3889458310001984,0
0.8179433174023274,0.7465946277694433,0
0.8630359701655336,0.36503669159854635,0
2.545936995998665,2.5205424128170506,1
0.5059397058385984,0.4206956307099249,0
0.42760441446269104,0.7953141552557815,0
0.5471353710930127,0.7907846188727004,0
2.098219369161414,2.650862647817553,1
0.868707699022979,0.8200780104986389,0
0.1669075298374073,0.40004465360461583,0
0.43211362021817357,0.17102230686039366,0
0.23800464376602748,0.7665469367982312,0
2.6556553413084774,2.196644438855953,1
0.3201042156134001,0.48628017501952303,0
0.061148699034940024,0.617649098415079,0
0.8368106066653161,0.31602728375070976,0
0.04879971346169576,0.3258468446450198,0
0.7302369833395761,0.41622658155070136,0
0.4367719177497851,0.8895719620635533,0
0.991036820291679,0.2591073026307218,0
0.9663827631630644,0.6909265932694469,0
0.15444711247819198,0.5964086245045045,0
0.8765756194738819,0.03346016746362601,0
0.6424444911276085,0.7033430102669508,0
2.769830759104285,2.456987713064776,1
0.531122247617907,0.4635248592641382,0
0.24363590979694127,0.020235342576593762,0
0.6853427530857155,0.8009642997163966,0
0.9527017522367621,0.22908612558376262,0
0.7283392591902901,0.6694569344709311,0
2.520652645017523,2.3451162176109803,1
0.2813356489476584,0.44608232012329074,0
0.25944283299044046,0.6248055829248418,0
0.787024515847046,0.09605288678017831,0
0.9097438810994695,0.9006646021061052,0
0.10822410788254067,0.35380256102576957,0
2.389642805966605,2.528496113633398,1
0.17562133463981533,0.7803518448109871,0
0.16170041828208226,0.3891376003583391,0
0.2551216607881073,0.6618146302554714,0
0.2929296370685661,0.7655381665945987,0
0.3030366570519947,0.237418997106975,0
0.2557909238604521,0.1348280341931405,0
0.7806463719347604,0.34128463900996175,0
0.10131718133473822,0.9590366969183155,0
2.0435211731212393,2.723161010774409,1
2.4987944839577487,2.9207412802115544,1
0.19882428016616693,0.44288846773959034,0
0.06433948762832964,0.9996191047232116,0
0.4574636856251274,0.2958961802405694,0
0.10741429506912104,0.931291480889625,0
0.7332249492644833,0.7356527220628913,0
0.39491598757157675,0.3533805810510733,0
0.6069577173351469,0.5722036626777123,0
0.4908910959050232,0.7301672211068256,0
0.885352814846297,0.5906441181618567,0
0.720676224645946,0.9033666038603533,0
0.7670774218940478,0.748247343818997,0
0.6806483542929244,0.6644547481664461,0
0.22727014236399812,0.12035147318558315,0
0.7995389673016892,0.09398378153317977,0
0.24529197528497604,0.11246966164638439,0
0.7207601163363382,0.1223657216317865,0
2.9560743303480392,2.0497236033829016,1
0.4311638511062167,0.8368050988023491,0
0.29688382705360217,0.006733288560237027,0
0.9966930661395643,0.3465142010620029,0
0.14122425770659197,0.38657741736094076,0
0.15874124025536906,0.23430995404878063,0
0.6976758196401956,0.41695635313081014,0
0.9327006051254833,0.7852933141321946,0
0.8870032089652443,0.13945619256722552,0
0.8573612688160657,0.5065942629239992,0
2.3591421123529592,2.349225121166225,1
0.657973170167677,0.8356785513651097,0
2.9312953993337545,2.9085838711902365,1
0.67749779733423,0.9898979181722491,0
0.2349312203622933,0.26439901318313086,0
0.33467622122845797,0.08078654106431016,0
0.755120535500866,0.9263786579065527,0
0.9139856953414225,0.09749338117952189,0
0.2635168384590443,0.6598548029079553,0
0.7673496168101438,0.26743197255785944,0
0.8964287618380448,0.5792807188942843,0
0.2232162470646708,0.5331869540155253,0
0.3672050684271102,0.07200846283981388,0
0.004482893827376433,0.11241765487780375,0
0.6949528607804688,0.8364211032553546,0
2.6917100213910716,2.892475612802653,1
0.6556300096541136,0.7844128520758339,0
0.8461675590574506,0.028389142309199866,0
0.37626265756713706,0.055101886140900946,0
0.7208621654580692,0.37107980731261003,0
0.71818396858737,0.1165983318919892,0
0.2511654133037404,0.9401578904827564,0
0.5802393266387347,0.08564100458861756,0
0.5952902048672267,0.6434713730507216,0
0.5418069855179898,0.475437968835395,0
0.7774570210549917,0.7241882614934456,0
0.2976599379173639,0.5463719682942431,0
0.8721440282392867,0.3706371184729802,0
0.9769116568932136,0.8501307610665704,0
0.8694608432130485,0.28979431362199515,0
0.5590270703772436,0.9458859605854206,0
0.43549045185968993,0.27825998653369455,0
0.14060653982075333,0.3484858065578974,0
0.3832049294819586,0.8995261635767942,0
0.3544070243576807,0.2282320285860957,0
0.8334366669727347,0.8888791266836473,0
0.26759204613870047,0.3639487936388076,0
0.993938330822313,0.2696503120514476,0
0.31076050178049286,0.42772085187007847,0
0.783663468374576,0.32334874394359747,0
0.9467499617066196,0.8742053190684895,0
0.0844320976383609,0.402142692213181,0
0.06386385035444164,0.2501739532508179,0
0.6829247049087581,0.6681402009280651,0
0.4968735104316079,0.5629384656634273,0
0.04173033397113213,0.6238265523388334,0
2.920172042663728,2.465417201434051,1
0.6118881088128978,0.8680890193449868,0
0.6896889371088236,0.013405196250571572,0
0.1492961778494184,0.43093086319853424,0
0.1531522774001649,0.203941321703621,0
0.9086031997606031,0.2981780268668659,0
0.3540130634446844,0.12980445892057546,0
0.5707600659522385,0.1775427856101307,0
0.8631142071927066,0.8253379562912828,0
0.2707677735018307,0.8192383823059096,0
0.3846927993456588,0.11477742843181127,0
0.9590807008282972,0.004350496994348085,0
0.8539968814568947,0.12723231676263713,0
0.15392372309177438,0.0182798659809168,0
0.9985097023367476,0.5039189596491233,0
0.25376126864053705,0.3665812400110967,0
2.080672966343454,2.478149181211447,1
0.18842882897976576,0.14446621012226923,0
0.2582654785926908,0.8599258800386366,0
0.2483776045837064,0.7859714099726793,0
0.8216381126986827,0.6792717919048762,0
0.8290908564888466,0.8386245455119765,0
0.7330126679658792,0.3189914270276172,0
0.23639263226622687,0.27403026074487447,0
0.8637762561661229,0.5125696790265544,0
0.31475720976124666,0.0047045932193857665,0
0.10737353777070513,0.3248427159395356,0
2.033431475332671,2.535049250805888,1
0.7350235340623734,0.55933208172669,0
0.10771111613513706,0.02061134384457064,0
0.6787227982784153,0.38605680268546205,0
0.9731525481540179,0.22608421076121454,0
0.4164651658637164,0.07838225177205171,0
0.8496259897558722,0.3654038872849307,0
0.9533497201884178,0.18663448278627803,0
0.5755103968342735,0.8525731414834867,0
0.7781752564879058,0.11317788571560017,0
2.4766856803575106,2.4244025999328036,1
2.370673551675697,2.3947250627124435,1
0.5691643126951073,0.11595705393768996,0
0.20187223463349646,0.010182062226347433,0
0.5569560738157845,0.26840188135477105,0
0.8944683105986156,0.673092671273734,0
0.07263753248495608,0.05692861164558849,0
0.5691677599673745,0.007136165603394251,0
0.3649307327905781,0.8555922772969546,0
0.5946292423348055,0.808116404076098,0
0.9859984984447175,0.8599001386082594,0
0.8116435294029237,0.3879261939833407,0
0.3137538559301215,0.5624378532301534,0
0.8731412683985155,0.6786231839389406,0
0.11675928647774314,0.1728062612169703,0
0.011613994900263047,0.32326179360499885,0
2.635218426406844,2.399855637896665,1
0.946722856495639,0.5880243335071516,0
0.4011859639553166,0.9693541377972407,0
2.943668692623354,2.4124247975274278,1
0.07521401804543315,0.6299998140581266,0
0.7038558897709901,0.7795307448511924,0
0.3029284124116145,0.3820565323396724,0
0.12873099395598742,0.6644350275577183,0
0.7767735622903117,0.23329297173392627,0
0.7569404483720225,0.3362983546773005,0
0.5342659673157342,0.630723846976939,0
0.282654116819547,0.2879334429983126,0
0.31799070859102707,0.5788915004866948,0
0.3483669897453323,0.03157901977262856,0
0.1964442483033595,0.010072102005166839,0
0.19253906775764873,0.36568378324447715,0
0.1793258466389558,0.37722405128195846,0
0.05221854815979532,0.22910913544255074,0
0.5589736582274293,0.3769165708609854,0
0.9253502324119895,0.9829388061170681,0
0.9456580337747987,0.8995074238179143,0
0.9190210808597736,0.6779210790721868,0
0.9351716133374942,0.9177541428034145,0
0.2015722662549474,0.47377395129913114,0
0.3516524072209366,0.3033505291805695,0
0.6834015417715785,0.7952599566542734,0
0.09273358323093595,0.8276296620906367,0
0.8374559217216595,0.7619627872266358,0
0.8668213410201608,0.6605474057229564,0
0.11904302583775972,0.7674414024337568,0
2.784691502728959,2.2901064735257277,1
0.40567539013300213,0.7266826826013586,0
0.6572953449926437,0.6110501511622158,0
0.5788215329354418,0.3471120243856235,0
2.0787086469085008,2.2005091565154853,1
0.27721345145554466,0.6955996343941628,0
2.4076582516182636,2.0393794923820856,1
0.4543117517520877,0.018759638403952228,0
0.34369155815558894,0.6314253721370283,0
0.9976232211983406,0.8774598649717708,0
0.6499727984065077,0.9725200611348551,0
0.9829898585694872,0.9244101402437349,0
2.4786395115853765,2.8270731626556795,1
0.27576343053026464,0.6517174142798629,0
0.40057033179016555,0.7900716135145236,0
2.9114322208572796,2.6796187412457186,1
0.2572990516776801,0.808536481157805,0
2.343984053360776,2.1758864889325893,1
2.678195020199718,2.7350887556897496,1
0.39394987666563797,0.42656504983755117,0
0.7831834372160712,0.9032589596116791,0
2.713688192506672,2.484081980384226,1
2.4729399440144917,2.760593478538736,1
0.38309132220828157,0.7117977953393965,0
2.4942963898783814,2.4193835512063497,1
0.47096742619520104,0.39371098176555075,0
0.6148260184762082,0.7213032773913274,0
0.07964057075203768,0.984712254414945,0
0.253390169714551,0.8426939086212553,0
2.0839398485319025,2.2626099710463747,1
0.8553490874264413,0.26089058359318984,0
0.7192153830192836,0.147652210560003,0
0.4093560184238457,0.6743887468817981,0
0.054157986145939474,0.13427538731404076,0
0.33566746183310514,0.9698905354408804,0
0.43394649161184184,0.394621555464452,0
0.4031839544697028,0.9055081505094968,0
0.42703775066237626,0.22109079930151687,0
0.12882732836269095,0.6374791798792975,0
0.9600828851644753,0.18417078202725057,0
0.9635101323884562,0.5128916501400819,0
0.986272765514528,0.28820720132914945,0
0.12329890327184956,0.5574491159644593,0
0.6537880219789903,0.2560718693376064,0
0.6734379258550081,0.7690561810126779,0
0.6445065572541129,0.4565993868521915,0
0.5516443041232189,0.9716892286941848,0
0.49089908279235694,0.008647369894713264,0
0.46736998375189087,0.41146303871829837,0
0.6287473422431198,0.03836298199676402,0
0.6065457318949392,0.7353259073491405,0
2.6691774876987164,2.2960895609273244,1
0.6953647552404869,0.32506202625959557,0
0.7901824757448295,0.9321856803197536,0
2.628464404624007,2.1410558612112105,1
0.4829033188113606,0.9752766688328033,0
0.9120599553376633,0.5725747327691946,0
0.3910484390225164,0.6235819438674486,0
0.48246362275425103,0.050626674581031095,0
0.433386980908286,0.47618566612815394,0
0.46971001980385796,0.4675241361047464,0
0.5903033543989347,0.4511105537600377,0
0.7558253224785025,0.1517787095812353,0
0.4720179527356002,0.8885913358480628,0
0.9470895329605793,0.5112014463474572,0
0.6294178390446322,0.2959775814301283,0
0.023812626688089256,0.028000567500752194,0
0.8427581018812913,0.45546171698018023,0
0.7593109691910672,0.4812457582602945,0
0.4592549047603869,0.15937933327739173,0
0.3893537706614859,0.9341712265874994,0
0.8461734689910333,0.7750084457113138,0
0.6013663129546682,0.38922064802214784,0
0.6911389528423749,0.7002465074992074,0
0.28809054449692784,0.4957393902256768,0
0.196550060740608,0.40434095935039904,0
0.6351738400518143,0.7533053533902981,0
2.2225905745080468,2.0658704736114775,1
0.32040786927332476,0.08533518588580302,0
0.16543176039680108,0.7787716460988348,0
0.9149370364336417,0.8852103081308426,0
0.9036625394955611,0.21344220784740287,0
0.7641474060471767,0.21586116176644,0
0.3522626398675264,0.38701769964440436,0
0.8977054411108882,0.03735365141949354,0
0.35813763724551384,0.5522864843757119,0
0.7394298869105768,0.1582030672965402,0
0.058963458072210706,0.2630799925328844,0
2.7416488864230164,2.965994710031293,1
0.33238650421412197,0.07170254325271119,0
0.6300717201826037,0.4337206097351535,0
0.703131149342092,0.7849358556457138,0
0.7236893655861466,0.41749374384495397,0
0.6317373534333461,0.665688337839001,0
0.023306093290142327,0.024614652403493698,0
0.7870765907136481,0.9034039897437199,0
2.881721625615881,2.6362715347082917,1
0.2171295671144512,0.22123606891689473,0
0.726942234903661,0.10874399153184,0
0.41043377136902004,0.911586918901607,0
2.5214972087573155,2.6822409132049643,1
0.9991989945866852,0.8994175251553843,0
0.3018042525259135,0.9506796604583363,0
0.1122927594023937,0.04765349377781458,0
0.01197081179671955,0.34950148300000206,0
0.23421477265838386,0.1879550956732403,0
0.3856346143141336,0.2781179038498257,0
0.3363263571688405,0.27985867863297287,0
0.7467404572199876,0.3584544025623744,0
0.3070452800806315,0.23010937817314836,0
0.9559534363154587,0.521995968099436,0
0.5089061219670438,0.8968863856227607,0
0.1020330049750392,0.8498429573131688,0
0.36631799289587785,0.6630408512994187,0
0.34566875961078447,0.6432701152157609,0
0.6604024769914818,0.42547656506431764,0
0.429857812885578,0.12034692328432539,0
2.965914358187865,2.6084449777455205,1
0.8012184159993497,0.8423390347548606,0
0.2304914448969938,0.6027717830047225,0
0.7366812683030289,0.4649814130042734,0
0.5212069714144274,0.12178665402151956,0
0.5253482985000628,0.617438270233626,0
0.03611617226713626,0.04094599070166616,0
0.7152988969546247,0.20060138571797326,0
0.6804511741749038,0.6614996917705928,0
0.05180275657828448,0.9407990814116706,0
2.4725385860919546,2.213311388290238,1
0.014655982204688445,0.8986324563343357,0
0.6583334815205877,0.33449067794416665,0
0.547590874789429,0.5508730390539904,0
0.9090378554650642,0.32743574170419987,0
0.8939242786912648,0.29837367820438443,0
0.10162082645154435,0.5560514396193326,0
0.7497271657377204,0.3487245705226788,0
0.6301538667329931,0.5877923364117963,0
0.39474019543638783,0.2510394504267224,0
0.6699527494097819,0.8427162176822691,0
2.3363655855652175,2.9067625101391927,1
0.7754425315504118,0.6466373018585069,0
0.29521012728001306,0.5113443084530123,0
0.17578944478427605,0.5489644506062066,0
0.6126606981879122,0.8509332121095144,0
0.12239858093939715,0.750903166450875,0
0.10019594529690867,0.0038942195773322696,0
0.14689681936833832,0.18100401524646725,0
0.38777714191141377,0.662808837278123,0
0.8723465194017024,0.8159389670331182,0
0.5249965579679433,0.7207971718743124,0
0.950347352612235,0.4440717651277687,0
0.5488314718511371,0.10608786703630124,0
0.499332853379853,0.46910678417773966,0
0.277602376579001,0.019635127514464945,0
0.8642559204599646,0.7207303830825063,0
0.6534928721808119,0.8911884501876092,0
2.494609761898111,2.163327336616986,1
0.08079666688063558,0.7058990248463812,0
0.1412947829066593,0.2466460165087595,0
0.4477700726720669,0.6274345695808513,0
0.83438307660445,0.7486898507209504,0
0.21276613276179324,0.5909403813293634,0
0.9904235688634468,0.3234726421154762,0
0.9713916758658708,0.09871378102820161,0
2.7756437898229627,2.365990466433363,1
0.07220390080636396,0.6047549591922086,0
0.026595342370068442,0.34312913897182207,0
0.3766412180606865,0.4859808198606096,0
0.8846699326810363,0.4388098245545795,0
0.9157091929186182,0.9214112668391008,0
0.3856729088466123,0.739467504041191,0
0.9714747904261257,0.16092799725745466,0
0.899902248927908,0.3364930156421808,0
0.9903819957823579,0.5498122711895271,0
0.523674223613173,0.2826194339935274,0
2.024889751349833,2.622452557970561,1
0.5490203664287346,0.8089287804401484,0
0.48095077594740987,0.9066883414591835,0
0.745865243548925,0.11476920816101932,0
0.5921819825554848,0.7678574108521495,0
0.5137923885693969,0.8881535889986385,0
2.7789675368120568,2.062542775497091,1
0.01749233162123165,0.7074023690564166,0
0.5885265841527161,0.5257341564828181,0
0.414132402791215,0.011907619419524451,0
0.11753408615635963,0.5679896805165808,0
2.456927310155729,2.1883944828750517,1
0.9120316226119417,0.3527726406426477,0
0.2969757903479838,0.609014619056824,0
2.6804906285438266,2.911813530836731,1
0.4349802841938113,0.2662649686236275,0
0.9717692152412098,0.6062118699989029,0
0.6658275471070356,0.3425133127781689,0
0.031505025353108396,0.8850003690721976,0
0.053117164673465944,0.9832450216151453,0
0.2540562437258964,0.695364957938457,0
0.9166743608034048,0.36813804575238507,0
0.43484062792726963,0.6883806508368263,0
0.7534937636441097,0.08993495068047819,0
0.6099457551558214,0.6030455194288742,0
0.8588098611077345,0.6785616768368148,0
0.4124397801195323,0.8187210538484576,0
0.11037899185806643,0.42481577410167193,0
0.047579000710245345,0.7148971621551923,0
0.026437046507540418,0.9987727791839333,0
2.9769969337439184,2.3724507767980563,1
2.677032858953578,2.5646672015157175,1
0.8702345056177127,0.6677396392658015,0
0.4543234963284253,0.532453983570675,0
0.47115926716673884,0.22625854885392438,0
0.506318826645378,0.763071496927726,0
0.7831399541845716,0.23081012377587584,0
0.4089175245968203,0.17299959295698641,0
0.30334807374200046,0.3052162295245875,0
0.9066432362792344,0.9131471204598741,0
0.8172231440667637,0.8806940122675305,0
0.6801487173388432,0.3711013419475305,0
0.43911564840836925,0.12000893141659741,0
0.1729453427886558,0.6168577726393749,0
0.7446456075704628,0.36091660697686445,0
0.790402581251314,0.39560206998432346,0
2.476317368902234,2.2681689866153993,1
0.3968157087740899,0.7413668554327475,0
0.16671010921758955,0.06446015717530174,0
0.2836893902023868,0.3596056573002102,0
0.5518121201096604,0.3196478173877242,0
0.9395931940592582,0.28045873582090264,0
0.5733906773844436,0.26844201906263754,0
2.4759970088082213,2.83573809821526,1
0.6623400631032936,0.9415635353681286,0
0.5840464156220453,0.526647573291927,0
0.45638044337801165,0.19902263532448328,0
0.7891205482240611,0.35652665575189346,0
0.9952900270264758,0.43935931403117967,0
0.5276347836445144,0.004694292253235144,0
0.5760731726712794,0.750522988367398,0
0.976614812327822,0.03648224724806726,0
0.28936099266128024,0.3049894525348147,0
0.4926540083869604,0.8195931517587269,0
0.09353383037158391,0.22485410184594534,0
0.741390416430492,0.1139716731402115,0
2.8015050343874917,2.9341220033110638,1
0.32943329373927455,0.9087624760613305,0
0.12055654195305787,0.7657403505395093,0
0.14372626114384857,0.8632082243352887,0
0.7517466959477208,0.8607767752950257,0
0.3503244908958041,0.700641338052751,0
0.6103418539242417,0.32280953026321435,0
0.21030907352430173,0.8519371330517372,0
0.9581316442129703,0.7354269855190748,0
0.7475386661738382,0.9521357946741231,0
0.6697224726940647,0.9453103211537967,0
0.9127147964715379,0.7053912400022778,0
0.7737141177110383,0.7399500743978149,0
0.8876291989486439,0.03770243542879592,0
0.08431115452289084,0.15010399787483486,0
0.09774106674920713,0.13497373397515322,0
0.8180111891392722,0.7092061644110412,0
0.13010611338297906,0.8749054717748914,0
0.6254278342644608,0.5567723447083566,0
0.039088949245552174,0.339924853713479,0
0.24715271602270317,0.2363253102266093,0
0.1720679993505141,0.24998982965614636,0
0.37789153749600457,0.32298489651317996,0
0.11567350079743599,0.6195127307752948,0
0.2432700850417312,0.656739293125894,0
0.19136267855042677,0.2591050040987387,0
0.012101812228747955,0.7772289255079947,0
0.07138517548324241,0.05961707264635563,0
0.7527461214065456,0.5167309470953908,0
0.5697817328266996,0.3197737979723917,0
0.5653834483836648,0.19046290890411854,0
0.7082943225826374,0.07446989867887743,0
0.9220717336676935,0.6090993942302146,0
0.4778567892221004,0.8882404327718906,0
0.13291899678795283,0.04343826656825012,0
0.9009383346401411,0.8268992950944603,0
0.5128539097456976,0.5011715476521967,0
0.40681404704645974,0.2327206240254588,0
0.7707857136856976,0.11996087170449765,0
0.7409744025046142,0.7482185632764861,0
2.2956095029754713,2.2013141530245126,1
0.414103141838591,0.3728987929475057,0
0.2685743543997804,0.6321922254524152,0
0.16730252753862385,0.653131651688781,0
0.34697040733290463,0.4135947343145616,0
0.9887843826019275,0.00967330906088959,0
0.7613941533798081,0.4143659443958059,0
0.9987355119987396,0.9350706280844499,0
0.08312412618426168,0.4373804902567956,0
0.046922012063907115,0.16018299829556892,0
0.5638407678349652,0.8910655452104935,0
2.3782501410369132,2.4942077686859245,1
2.6614144265628634,2.0625009347012697,1
0.13852351823850717,0.16616461260417426,0
0.8302142130339095,0.7872223039386061,0
0.8035367151706234,0.8429025341836579,0
0.44084960982997556,0.009948805228520263,0
2.5489547304998874,2.669891283103926,1
0.09902672254031941,0.2786361888437079,0
0.9411158285421055,0.5300515646032007,0
0.8818347076236289,0.4647975036797265,0
0.709990200939606,0.12774451635209172,0
0.15928010743291254,0.8662943169755382,0
0.6762097569727109,0.9567438461940957,0
0.9447525708492933,0.46880972253776476,0
0.8316393336891745,0.8618866906554334,0
0.6207288695547025,0.3002716110610042,0
0.23334344028863307,0.28491943455815083,0
0.9369761051942551,0.3537349257724589,0
0.2154213051084305,0.6026066982306222,0
0.11305299871532759,0.6393647843285198,0
0.4553295839379692,0.8469552869862956,0
0.6218068867251255,0.9568931230112173,0
2.33707661068908,2.7109454692301744,1
0.1744952048286783,0.5225771621697465,0
0.46606649500537456,0.7623376057522898,0
0.6594962385081209,0.1359207480640835,0
0.44574231731079184,0.4862085449669584,0
0.8884895915031887,0.5389255041549973,0
0.944878621671407,0.7179160819600654,0
0.33165881368193206,0.6131883616903978,0
0.06851064943506202,0.37651823863281597,0
0.7639996359489203,0.10955669351975172,0
0.6546966501940807,0.5461480934415484,0
0.8103055437708137,0.6446805323670399,0
0.5313296593082538,0.6579356050644122,0
0.21956561982239353,0.5385413488620602,0
0.3763913609777273,0.08600478675820689,0
0.626021510101525,0.904248218573005,0
0.6309066539422692,0.881086595126396,0
0.6706035097942393,0.6946165497598726,0
0.09803448234907508,0.21530642200708028,0
0.2684941958732655,0.019088613306523228,0
0.8506988732788566,0.2699524331075799,0
0.9155524971521933,0.4723536594300579,0
0.8258966313795724,0.7759142558844064,0
0.1214261737089356,0.6748795722425217,0
0.38898314553786606,0.24532916943513505,0
2.3221224566705665,2.3039287651091165,1
2.8414857632915353,2.8806150789952936,1
0.8847094090767589,0.17917460886320713,0
2.7351924493980007,2.3528521176870707,1
2.6447342584523126,2.1325683539440403,1
2.4812802955500817,2.757229552340819,1
2.500626828998429,2.749426486675294,1
2.4444636339539936,2.7140266878327535,1
2.855847557086651,2.923429325737927,1
2.93492533893695,2.9089198567239594,1
2.7676225542437582,2.363385218021107,1
2.353511899320051,2.7606631221341624,1
2.539544663721343,2.5116681030173615,1
2.4723059430606185,2.178164298201521,1
2.3015283953670607,2.251684979888599,1
2.5284436484190533,2.296443010327632,1
2.8115814907162004,2.9782741796547785,1
2.7117242061833005,2.8758766148741195,1
2.773929436173201,2.3928269772709196,1
2.67090207261748,2.903212072879867,1
2.620737040793929,2.2334508823210903,1
2.8984264802236614,2.562043554478484,1
2.3726357442688317,2.179059544026705,1
2.0474932264726244,2.563980528578163,1
2.3498680978101643,2.355816399977904,1
2.5292816132025817,2.157558442330805,1
2.291634774472258,2.218355516090933,1
2.6719775155084586,2.898966428051586,1
2.5398214571931437,2.4536492785707487,1
2.3818839519697805,2.5051443988342696,1
2.5099645441526333,2.700850154514101,1
2.9252996365551978,2.9425148191325174,1
2.866239215532768,2.69417070453031,1
2.078418050944038,2.1968714996812553,1
2.11248446548945,2.5384010347201067,1
2.2482065380530765,2.826949136985694,1
2.758449954294703,2.3597427791019734,1
2.03365445090627,2.5392063949006496,1
2.9008662323460603,2.953676518462338,1
2.4912975797520023,2.753189266435,1
2.923996535720215,2.904597740660374,1
2.3486056864235287,2.907815903699416,1
2.7560138613753677,2.055617048915295,1
2.9283455504462004,2.351618477680233,1
2.6741752935240206,2.1516751085323307,1
2.4113748407345765,2.0506203706995088,1
2.962216785277951,2.5758633988276407,1
2.6704947399141234,2.9028466732149654,1
2.906515875726201,2.628076782121373,1
2.800947366429197,2.933981280509045,1
2.9393337733046083,2.909327899373648,1
2.340035691984185,2.859838588948021,1
2.0297879389826767,2.6489287391283343,1
2.4757379358397165,2.8293699179507485,1
2.321027535510452,2.2996910286652446,1
2.2954456806123917,2.227603071253151,1
2.9326984899038324,2.6194231610475445,1
2.5881436548588352,2.597351630221981,1
2.3862853661052608,2.0851994396894664,1
2.680488244303015,2.761794142479092,1
2.76637164673448,2.058439265667949,1
2.7407287553899824,2.0542612913049783,1
2.294421041099657,2.206409597983831,1
2.747330362357425,2.3474011646699657,1
2.850919291346179,2.6991036575987137,1
2.686561407883582,2.543719084334506,1
2.610949917414061,2.736248683753815,1
2.400054673343431,2.9761065003426377,1
2.046647920541738,2.51913068777799,1
2.361173179107154,2.6947107953789953,1
2.9116088039606876,2.8989539483351567,1
2.221427453138768,2.873833010848411,1
2.6914958786044267,2.8991510446130757,1
2.2976298001113324,2.20913342541778,1
2.6959567525752828,2.8879717069079214,1
2.26518696542173,2.144883026057233,1
2.665319602179037,2.10250152052969,1
2.5221706909338866,2.686719100377084,1
2.344069890941209,2.165183514279433,1
2.783631212318301,2.4791003132238325,1
2.6855215403592236,2.903142173870502,1
2.545802314081268,2.681059902016954,1
2.373329924969892,2.3532906865126595,1
2.454258933430358,2.2739079701458316,1
2.4175032814345085,2.5370797680110924,1
2.1890540901507483,2.463592955959977,1
2.711770911668604,2.4313885408842495,1
2.4686291838324625,2.207071654476832,1
2.712598600351321,2.9402026893446638,1
2.5201111147959905,2.7415678611530447,1
2.5160953208042396,2.479113985894291,1
2.914892481079119,2.675098365307015,1
2.925102935294005,2.9052019789846972,1
2.23897819794131,2.0632834417409023,1
2.477286795151892,2.4233185993024398,1
2.0383138301338204,2.5437768395809135,1
2.0823271443859013,2.243465184002418,1
2.7725376185118056,2.414614506208796,1
2.7045210876104506,2.504235477940797,1
2.773539607745668,2.0613672331004063,1
2.5268464034133475,2.354262423212608,1
2.4357298089617427,2.746995923655794,1
2.3764096450566687,2.4700415493332826,1
2.93201832637336,2.6527256956131438,1
2.918101255196017,2.928136128006891,1
2.4493249430932034,2.825258414822101,1
2.3633008184264854,2.2964770756189306,1
2.5134117436802734,2.3655198156299586,1
2.5876871097835545,2.5619699964842058,1
2.7942157926411113,2.9380034402610846,1
2.0994973674894863,2.6998440345628723,1
2.032664382285141,2.614992409498803,1
2.354686475452487,2.926239598741546,1
2.223448814497578,2.7582455554571848,1
2.0526790070588383,2.5505656393537244,1
2.461472254718604,2.4882851742809313,1
2.5538612947496473,2.4747206457013973,1
2.141240439999734,2.8227854672626673,1
2.503778341804309,2.437957761207682,1
2.338387295405787,2.7100624165677254,1
2.384384841188919,2.4988188924197137,1
2.374622612017628,2.4225738091095854,1
2.862182250598153,2.9449615337791832,1
2.65287557728182,2.345902047689785,1
2.4986356933969214,2.794487678264325,1
2.7448344111503706,2.799157270636242,1
2.778906744727868,2.3386237662037774,1
2.3328470042950635,2.301988037129355,1
2.1148689970347805,2.859470701104861,1
2.7503035553041753,2.921201742254383,1
2.034354445329595,2.5339375785039584,1
2.2662669920078553,2.917922139052055,1
2.663730861500188,2.4304597577085065,1
2.798008243065365,2.8451757461289455,1
2.4110572879236316,2.9661958508044584,1
2.323851089502843,2.811211760138668,1
2.3419168697108046,2.7512832418645536,1
2.076443171334552,2.794142042340652,1
2.3601745073736944,2.353298672765584,1
2.654683063715339,2.11362843762162,1
2.8581984692670073,2.9325757505544363,1
2.484733531311988,2.855394479380604,1
2.7463040671149543,2.8360895123319794,1
2.427989347443941,2.4107703179429274,1
2.287259915447115,2.897178389972214,1
2.92560170160792,2.453171597046182,1
2.7072848720123766,2.3435659156387465,1
2.66831292755354,2.900889468456138,1
2.3107365506665203,2.205461811956539,1
2.776456685276013,2.857519561893837,1
2.3720243663549825,2.3736549203043626,1
2.870887761312766,2.7961262552513193,1
2.6949150832099766,2.060348399756344,1
2.745507241699017,2.923799056979963,1
2.178949299344726,2.2446270160507003,1
2.373819608379779,2.4360336541045275,1
2.0300122190462044,2.570036837396282,1
2.5677554781075584,2.5022444440816094,1
2.775461139171612,2.0614004554947862,1
2.3646022407620744,2.332456497118191,1
2.422448581045242,2.8146984616474215,1
2.6984479890239514,2.0608950490976086,1
2.166693998605122,2.802802461424612,1
2.4935964939321122,2.1640013834246608,1
2.779245364082147,2.3357837348118125,1
2.393637047605436,2.040983022527771,1
2.671223787877375,2.060095833090478,1
2.850664536031759,2.9705111880665873,1
2.304825915112576,2.236984963871808,1
2.6375522735536334,2.39808599690967,1
2.3419280896236874,2.75137674642553,1
2.7798561922969705,2.3306606628926403,1
2.0805709101389414,2.222616517654836,1
2.040284916073084,2.5473003089351027,1
2.4958593455469713,2.9097972566791586,1
2.2227661357762623,2.8693257619829993,1
2.1552986269062444,2.468126514103629,1
2.591757019631318,2.5948371512549153,1
2.537404178462647,2.4030029740408905,1
2.3832659155620854,2.9566226363912107,1
2.885343669168626,2.894273442503248,1
2.421307698210667,2.058836537747748,1
2.2923833092474055,2.21514622698834,1
2.083931370892965,2.263169300552385,1
2.3994090456676327,2.04032290996646,1
2.042668422055747,2.707262367712323,1
2.3253462827574944,2.2518973941489255,1
2.044345168324552,2.724937574552762,1
2.7189152636456386,2.855491900115273,1
2.0809211129676917,2.4617772019639346,1
2.1933188606940686,2.907952831929149,1
2.5443639342367423,2.6861559027358934,1
2.4298261355699484,2.2802646958847013,1
2.698933109145487,2.315625741310455,1
2.670398181996603,2.298479074752999,1
2.4890425906968914,2.167030734041833,1
2.4607256413714835,2.542927533142765,1
2.698189094395936,2.062514023945484,1
2.7770512459568235,2.3541860035387767,1
2.80522977968038,2.839735617287504,1
2.6376095691044075,2.402422195869138,1
2.6965595287140087,2.914775761776429,1
2.474914359489123,2.8091258813288036,1
2.165949729825014,2.2470875152077436,1
2.344990930390781,2.776901862731043,1
2.5484399439855014,2.506069270983371,1
2.7672044258174795,2.2981839454930553,1
2.3626787541644716,2.2424837419600676,1
2.7822286479716807,2.9305684864155856,1
2.924252455213794,2.478175898207094,1
2.351571416482639,2.2985996433332367,1
2.557637908843525,2.536089475442542,1
2.950228089360346,2.559396910910336,1
2.4392454590037675,2.476780038810512,1
2.6630833780262133,2.4297647745634743,1
2.9363477934951447,2.618217028984171,1
2.729293048618683,2.2929758551567647,1
2.4870199594833804,2.866020414201266,1
2.774113930787968,2.389938896547697,1
2.5631113059245707,2.62923597329967,1
2.50232157934932,2.3133012641933344,1
2.540304804780997,2.413026405611174,1
2.848135692564214,2.9686392701447133,1
2.7523191460137615,2.3050596189374506,1
2.8018902155651815,2.2659834268251426,1
2.164749051492547,2.101486418963486,1
2.954737079051282,2.5734956892847203,1
2.6890328947232125,2.0557293192891852,1
2.687765824449125,2.456257936059614,1
2.750806439182229,2.0618256329187323,1
2.2955704685010074,2.2014815105310466,1
2.306509875751878,2.195584466335385,1
2.1290519922494413,2.1234669001982076,1
2.698920532530069,2.33943631698862,1
2.2006029154391196,2.079409385157905,1
2.3744051248541833,2.6857959856063975,1
2.8589209671563283,2.886044803635772,1
2.0834055387198367,2.151573725704648,1
2.7029706650489174,2.8805330440011225,1
2.453208488979674,2.5421856563881997,1
2.3726074759643563,2.3952664546340254,1
2.6551299930744943,2.113160903381769,1
2.043470039831972,2.72288461992716,1
2.6656664692821006,2.306817908337402,1
2.680416887525925,2.4483698779070577,1
2.690486949346361,2.9136563085284717,1
2.549204647932479,2.6694530510299477,1
2.39108885916878,2.5289416344183366,1
2.500557131009633,2.506644523020278,1
2.76164602634053,2.058791405557497,1
2.482250043644798,2.8438527312471376,1
2.3753142008258314,2.322339753344184,1
2.5392804565313365,2.4094866581712306,1
2.9419737214915895,2.5335870263953715,1
2.8079586213483863,2.92548505249632,1
2.4774706581740324,2.81343967123747,1
2.5474464523956497,2.3050602300080456,1
2.041013751366256,2.580742024622852,1
2.38259286843393,2.364223548959987,1
2.3388850969914228,2.874549450868619,1
2.534406636543307,2.6764346114029385,1
2.8619639809830684,2.8217694004165335,1
2.525693553766109,2.1581554434946533,1
2.4991520658554633,2.4096690515039145,1
2.4242533087520117,2.254135072241393,1
2.4582455560532868,2.193818004982966,1
2.902619659945915,2.964467724301088,1
2.947337630696673,2.550358980266725,1
2.421097953374066,2.46658038683734,1
2.17723975896663,2.2008748406472844,1
2.1684138721446407,2.7086009381721166,1
2.9066087014722624,2.945166816738217,1
2.071142918520679,2.4896276585573562,1
2.2639424525184655,2.765104784201498,1
2.9234039962433345,2.9061263062463287,1
2.3264950084082052,2.9032953152432266,1
2.7785595379591532,2.0627556165751706,1
2.347852374352574,2.189666840626227,1
2.6583803457998294,2.133172266599293,1
2.9444539467772897,2.6364801893064254,1
2.9338873318591254,2.904780321640068,1
2.5539860456809076,2.661068834570609,1
2.762401568329584,2.0571458869819947,1
2.6657425180463363,2.2708279666112787,1
2.6580080329854714,2.1418443635302395,1
2.492082703847854,2.1650083878973403,1
2.771194433256237,2.4570641729374816,1
2.868418675252413,2.6514024750901646,1
2.87554414448394,2.8912216444825285,1
2.5387072501930183,2.5224416753096115,1
2.320560671282681,2.413837602936007,1
2.7753642141801955,2.370366946611813,1
2.745068127594155,2.8375115669940008,1
2.4716882348152387,2.4453873336793217,1
2.6861782941221604,2.544561343951049,1
2.7249426924843716,2.4786505858217356,1
2.3002457522211004,2.2192580955719543,1
2.2452189243297567,2.086378007493894,1
2.868298777878995,2.9639781350159176,1
2.5962878798247737,2.6937692991055724,1
2.9608947080549255,2.6150024919863397,1
2.1386771449442334,2.6841410771242815,1
2.7675116119626804,2.058810645418803,1
2.08117007925219,2.2290106770322877,1
2.732115174856982,2.3143920540536045,1
2.743270371928569,2.4878074719116388,1
2.69887495295605,2.884876785349003,1
2.7259797568322126,2.9201992511914945,1
2.7017475753179765,2.9305687097879587,1
2.8463618369317714,2.7397796138419825,1
2.505945311973712,2.4650229907889143,1
2.1347950209650266,2.488845710040793,1
2.534282466155208,2.392215555648601,1
2.160915993746058,2.8073386406921568,1
2.7783005176791957,2.2930585393766636,1
2.8685326430462217,2.964705233976507,1
2.6629958291544322,2.250628154816263,1
2.709749770457754,2.937673382770325,1
2.054993909134899,2.57359377755152,1
2.677051619175507,2.9087285517510293,1
2.470458709706265,2.690682860963268,1
2.770799970133875,2.441815672976615,1
2.639144320401705,2.1298835669716123,1
2.538219950248599,2.405821962692318,1
2.381195590247534,2.5030726461471944,1
2.3936611685016858,2.7045932700351853,1
2.545958989055886,2.5204152393247576,1
2.50654894240282,2.728292391001799,1
2.179403106212428,2.0924631777886513,1
2.9320588766748705,2.9043021364330683,1
2.698096223407388,2.35217851092749,1
2.7538666833687016,2.3516926141544534,1
2.8055291145994543,2.7775315381091783,1
2.9320617825337045,2.438602064015861,1
2.0817961097950444,2.2366048779013763,1
2.872956737770739,2.9784599744275484,1
2.7369810854443672,2.396487116876362,1
2.7219537046553604,2.092285225544018,1
2.5402147089495197,2.700856091373276,1
2.735193471974,2.9089693379201034,1
2.636385700427077,2.5759882205247457,1
2.772505563355621,2.4151162979753114,1
2.7264417003038774,2.8556406433628863,1
2.835963276487382,2.5629524876795036,1
2.375000780394067,2.425240649901823,1
2.0342220866863974,2.5364625300650196,1
2.152826453659282,2.7428782908888474,1
2.3832001588506104,2.509105768349712,1
2.344278469876412,2.1391760820405605,1
2.6488350127846116,2.3582484880997034,1
2.742507187137532,2.0572904397919847,1
2.5529651088846816,2.4635422191417296,1
2.7163290523068926,2.943514735696673,1
2.5232293527656067,2.6767052742937407,1
2.754996211372792,2.916480722960563,1
2.3982297514703803,2.509225365891796,1
2.749994068037111,2.921123645754911,1
2.791826868470802,2.9304509743073623,1
2.5451349445744604,2.671609316642657,1
2.457548477994457,2.5437621775959647,1
2.4228460133787904,2.942513417190303,1
2.8274778692998974,2.0590315476719887,1
2.4740766908687086,2.2356404657369904,1
2.4661794434950512,2.2708065892241045,1
2.8831687748278787,2.9832950557307965,1
2.192387547464702,2.0941332015904073,1
2.51963193147737,2.343344691922266,1
2.3128544665384245,2.4834586560241987,1
2.960825588078987,2.5636047084832705,1
2.8994265905491616,2.4041043957841173,1
2.7194245883653663,2.049500817987665,1
2.6667232761310427,2.735286634752132,1
2.105465678961057,2.258535660158981,1
2.3179719317632315,2.9096907621962593,1
2.9740202618239904,2.3760210085604014,1
2.5018089960816616,2.4250381263918808,1
2.673796718650163,2.3051317234421926,1
2.885625820871242,2.9762611162988013,1
2.083331160169347,2.302769426249799,1
2.7077313631721083,2.497177821088364,1
2.9478183117197374,2.6320850879672624,1
2.718626525417082,2.9455545253854467,1
2.658730218182477,2.2192578241325727,1
2.795770587467384,2.751901883275087,1
2.351721985727097,2.9422857113819667,1
2.6738611117634448,2.8983468374447248,1
2.2572276910466504,2.8559502119217512,1
2.4919372747203403,2.2766414421901633,1
2.4866264931651214,2.8641918208064427,1
2.3827872713933242,2.398116234762916,1
2.5022754698258023,2.3132212376215366,1
2.227117739444054,2.9192011162089324,1
2.5442526421426033,2.3050180298293013,1
2.2778196000118798,2.7350761564569677,1
2.8596987364055884,2.937240159068127,1
2.3565254511859264,2.7887966984846697,1
2.7283721656949065,2.316120990898405,1
2.185507771463417,2.465729819408268,1
2.545069749044673,2.317803918454786,1
2.741608679685208,2.0820317994737945,1
2.7063219224154254,2.934697929618154,1
2.361050719129985,2.3567559674343186,1
2.817665082544702,2.715857921757953,1
2.865640258302189,2.9557126594689485,1
2.888580257262235,2.9718829695647555,1
2.55282274458886,2.480725997733287,1
2.6892406642817117,2.896731834688082,1
2.891312094810038,2.6860973397239216,1
2.8208887439567305,2.9081804382293117,1
2.3785287906319605,2.4950464164907555,1
2.321780667433647,2.187557506741778,1
2.4746445220399926,2.2438838223612643,1
2.5322376460646114,2.5241412477141085,1
2.613732567423354,2.301670709377749,1
2.082974886059479,2.251154676480557,1
2.611325702624119,2.419500411446975,1
2.68918584973357,2.077534962213647,1
2.667485936194787,2.3604182038937886,1
2.4741513286710592,2.236724002628837,1
2.7465775968303583,2.835774792881354,1
2.489761243835173,2.8647877203807406,1
2.520342642180249,2.36727416181746,1
2.2129517343842737,2.1845544615771653,1
2.664069822142039,2.2585265579746125,1
2.032035457078731,2.5493340266312137,1
2.7368496060055656,2.4729043380556686,1
2.4272368082135682,2.5310284083358745,1
2.673709584536508,2.4161920291879024,1
2.2928758343850677,2.213034560824612,1
2.453091366979043,2.72813546236116,1
2.6732965128563193,2.37098290620126,1
2.8861222255238057,2.8945159029102787,1
2.372451350780247,2.4180680548116547,1
2.2295766392374894,2.082106146554606,1
2.4777559569279113,2.829970394869205,1
2.9427021716835515,2.0506914939987038,1
2.3262576413858773,2.411664836784953,1
2.0407737296998447,2.671937829640281,1
2.473524546324447,2.767412272493981,1
2.2443506881769912,2.9022992702944643,1
2.3930318244818034,2.2729372840382944,1
2.910806261268548,2.6787054778339168,1
2.2439390684770544,2.74887301357482,1
2.4226709330216805,2.7013366252905002,1
2.5768707335899133,2.6209403643765996,1
2.9194633252712743,2.6237975179701523,1
2.381142608376539,2.50291318734806,1
2.5046912615852266,2.685696742013994,1
2.1350669281174395,2.470843750781423,1
2.442717974639222,2.9555605877934337,1
2.5310506359316074,2.345851232733596,1
2.4636488462060537,2.199122618018834,1
2.546526897649927,2.737359932982394,1
2.658208219493139,2.137181518922659,1
2.0587921931110964,2.7029762546786653,1
2.4732742585467213,2.223991341610839,1
2.0341617138106627,2.536354608856087,1
2.8738937177489645,2.691705986054252,1
2.3657990265864015,2.1783024060993528,1
2.493785388441456,2.1651942750083704,1
2.6564070411370952,2.202172620481902,1
2.4864557839984536,2.4379661824756567,1
2.028361042275854,2.5869325262211698,1
2.730401812207416,2.0513357611400997,1
2.7645081912906964,2.4471849208267424,1
2.9480906714630146,2.910138433824116,1
2.193768288407378,2.781547056647335,1
2.7886626903087928,2.8306878279011474,1
2.3569537987382043,2.774221629114449,1
2.5629870498149723,2.2943235979675345,1
2.490278501954969,2.732615780432802,1
2.6510691118632845,2.380482889094639,1
2.0326680502402215,2.5428610084776033,1
2.804023100512381,2.9126528232240383,1
2.8985126900489946,2.1304600021075593,1
2.0351960895040526,2.567948618497563,1
2.3105517205202126,2.89769498554509,1
2.4748871819930764,2.759808096193425,1
2.6433658005624205,2.1254674630000223,1
2.7017501733317237,2.3408333526851712,1
2.56338501925685,2.737069142909225,1
2.73913411813453,2.053915936073141,1
2.771363312433257,2.296262910306655,1
2.5340280531312205,2.722774642733602,1
2.8005280774668675,2.931134290031191,1
2.7608777726999927,2.3611945540972767,1
2.9228562512211935,2.4593634591222227,1
2.75663131343956,2.720939583479657,1
2.7728621570518612,2.4557507104723446,1
2.467183382101052,2.230589973897528,1
2.8112199482487594,2.0602083127413144,1
2.2997328236026835,2.8938946784733,1
2.416035970593899,2.242499531978469,1
2.5418620941546557,2.6730813537929707,1
2.8363722128770337,2.6878525180057107,1
2.149726185860461,2.6932294345518293,1
2.7271959443602216,2.4583353015439777,1
2.598617323129784,2.5006515977918324,1
2.295420172681837,2.7726018559467116,1
2.5287277404812887,2.7303189107234025,1
2.4807255233804266,2.275819672719522,1
2.665002144455208,2.2653830808643454,1
2.086231950017494,2.5328675956415254,1
2.5268295557249383,2.366461208311729,1
2.8869499584758227,2.662277338718171,1
2.512516757674241,2.6967318731867524,1
2.8639503698996847,2.694907703483523,1
2.6851617342872656,2.338814797702811,1
2.7710762586185456,2.0599719418813534,1
2.857190423455607,2.4345932835806496,1
2.511412214639854,2.432266259997057,1
2.9610392002861574,2.593201258973116,1
2.5015270320828833,2.4335476671816347,1
2.429343567823916,2.5326119460801744,1
2.3762309921449183,2.467695787375804,1
2.7017168155722957,2.0526194207456223,1
2.4549232019922984,2.5157852493874944,1
2.6548623084206824,2.375846834441664,1
2.361776328113327,2.734580644288634,1
2.808047442491457,2.8533588837210195,1
2.2561526505374,2.2198003323868165,1
2.7158892185466024,2.2936701110599675,1
2.8187009174321664,2.946850858246883,1
2.4231635242462684,2.5388236566983458,1
2.527589575836047,2.4509093404531352,1
2.3425812694942056,2.7886487007570513,1
2.30641435740603,2.236515151835036,1
2.0791812177633275,2.2061191553495996,1
2.5330664440099118,2.2989504793694335,1
2.793245836845061,2.932599456637791,1
2.4777109322841717,2.816242225421603,1
2.874551908868452,2.919748973908761,1
2.669753785538804,2.8996979023246667,1
2.3093690884777094,2.1582154550180452,1
2.510384371020166,2.3740504241734994,1
2.636093890447458,2.1370757814234835,1
2.476378781681717,2.800704037629995,1
2.778073485076377,2.0622515098491276,1
2.757302924041934,2.471524581557715,1
2.16011646125642,2.701775926259579,1
2.2918270158244227,2.217531295096727,1
2.4223983284678003,2.305467552242751,1
2.118233270080277,2.252679197870116,1
2.4598859023140482,2.4196995905283316,1
2.303198780253729,2.177542508925948,1
2.333182843622694,2.905644522159082,1
2.795386826120241,2.7139484522015302,1
2.168394935868253,2.116584482850442,1
2.088994125193216,2.560056350791038,1
2.659431091289797,2.108697775291551,1
2.3729442149652566,2.359307029724289,1
2.055159744650912,2.6341800598315577,1
2.3175598755507223,2.4149820757477864,1
2.7958474450211774,2.97551143775321,1
2.6535671350321204,2.343788908161879,1
2.900170508880602,2.6900307655580438,1
2.6409248953265974,2.395528704444617,1
2.6805168750862802,2.91176829189256,1
2.8452433697855963,2.88159778387899,1
2.478414451228632,2.826404821044016,1
2.212979724439253,2.745258454221483,1
2.4778081893103243,2.829799121547699,1
2.395505017885761,2.278440848351927,1
2.746762453484814,2.9668926015375177,1
2.7604351258030944,2.2913628407566264,1
2.837724165070216,2.215722454064682,1
2.5936447854955786,2.434037791793836,1
2.3867850153284738,2.4881552967401097,1
2.437593887702638,2.705183644597767,1
2.6659104345510976,2.2720628650387833,1
2.8286062673664065,2.9541830645705653,1
2.303333577772619,2.2120471280534537,1
2.4034548936264004,2.2717194783491843,1
2.797346226240913,2.7487728126087094,1
2.521221173241086,2.344397124389313,1
2.5445476550745503,2.318848444848504,1
2.7322883042215813,2.3519088690397623,1
2.474688712629215,2.7809910935603277,1
2.3498114518017736,2.176531848969733,1
2.7279514376606913,2.9062223589740084,1
2.522190306639267,2.3504297755644123,1
2.713013522944658,2.3248702971447806,1
2.775640031696079,2.366049296192818,1
2.692008260027954,2.0549998063619226,1
2.842685673842975,2.04938355383433,1
2.3837081826374047,2.4866451906929212,1
2.4603195673129683,2.8295782969819974,1
2.4567810705446633,2.8743410993616885,1
2.8587830118790483,2.886001841180378,1
2.922105341059154,2.051196599963429,1
2.7002309571336163,2.340083293081036,1
2.6512779045126145,2.4170932463455967,1
2.47535402319894,2.254183839997335,1
2.1031899622671544,2.841368799443878,1
2.882362051991547,2.8933448981409104,1
2.0748450074558216,2.790696342599428,1
2.426364551738612,2.8609839633209533,1
2.3729331858303695,2.359479063272839,1
2.4133050998766516,2.2845630039795974,1
2.202618196441016,2.228242803793727,1
2.645563426936253,2.1002907156333754,1
2.667726471383926,2.5672592102661627,1
2.8299039778142485,2.8005089698857053,1
2.714676127741806,2.9420990674450507,1
2.2935139208173387,2.210298811061755,1
2.8572791448828045,2.697055810714095,1
2.3564656620374347,2.1491279751358485,1
2.3295613101568615,2.926778782869398,1
2.5225061717326165,2.4880140046589405,1
2.7823196969679667,2.3099990246505704,1
2.326171198854706,2.288911017252981,1
2.614870284474239,2.7361810603346193,1
2.769745897695214,2.803584473685912,1
2.393800378948749,2.7316738151763724,1
2.3221703393299,2.281592194948157,1
2.763878746079524,2.8173561603303474,1
2.0752540215538007,2.1566403950312374,1
2.722712133129656,2.3341791236181795,1
2.3826245129798695,2.5073732549908656,1
2.9420847813213724,2.415997020274547,1
2.5180967577954734,2.6877279202998476,1
2.0772935525659393,2.1570484048769423,1
2.440755782180055,2.701853205254482,1
2.3193161783826053,2.2968096933541786,1
2.476096358385831,2.8354123245981797,1
2.8972998587360266,2.8952118134482174,1
2.3750737105534254,2.45250036120102,1
2.5109160807029807,2.4318928307805865,1
2.4990280237759492,2.7914562257173006,1
2.3976245796744386,2.518950807637641,1
2.4113609490553833,2.470727371694816,1
2.6863529766249994,2.90170909753767,1
2.4093704517640204,2.7028297412501177,1
2.691629767522577,2.892502011529531,1
2.932688455119654,2.437188718417705,1
2.897689652567631,2.0516467922865207,1
2.84664898195575,2.8966677941925245,1
2.111962003001741,2.473946878730165,1
2.832347428456427,2.9569523725893907,1
2.7714425128199545,2.4317573027208885,1
2.7187219854406086,2.481652684047271,1
2.9237106585320083,2.90444161446758,1
2.6389358432998624,2.388496614626479,1
2.1290922480950343,2.4914451484989586,1
2.7039236064915535,2.4736010600650253,1
2.7657862273582663,2.4616808484560684,1
2.329600822408985,2.3130791127006476,1
2.583896792702118,2.608620117546644,1
2.524689686997216,2.478921027005447,1
2.378116266605451,2.4924499605129333,1
2.3863730307142887,2.281747813789127,1
2.9569733782560323,2.3964671063503107,1
2.6868731338821883,2.3307288570089453,1
2.4362036797017397,2.700519335226726,1
2.7460144399892066,2.484623349807969,1
2.0995821846840554,2.844030600936973,1
2.416127175828141,2.714383025654353,1
2.5671973711807867,2.527698317980039,1
2.3724204797916575,2.4176627102252564,1
2.0319848704648686,2.549851654847566,1
2.6574492617137153,2.071954137309226,1
2.9270792538944375,2.9072708662516518,1
2.520200508541768,2.271688784344818,1
2.9488535843522383,2.049961454461351,1
2.7474139095277614,2.9670069907379664,1
2.7068921166608653,2.0513505180530447,1
2.7078710991677726,2.325590657613517,1
2.578651389298081,2.6178179713688765,1
2.76370724236406,2.0575712516208675,1
2.6851993096727806,2.816656125967128,1
2.0819886245030577,2.3913459528700867,1
2.0582347462609394,2.5051749218676647,1
2.614464858900354,2.4169193740254378,1
2.744933381840978,2.9126637870464047,1
2.6894215802600674,2.0556340196890575,1
2.6890766643969948,2.334534754765671,1
2.709928680302815,2.4923471110740203,1
2.157509555909237,2.6996316236223983,1
2.5221692050521773,2.293039664411128,1
2.3080676416090347,2.1622919343244416,1
2.8753440585595547,2.9858822788464754,1
2.7106745081302095,2.050423134962149,1
2.7903546411100892,2.829929188423993,1
2.500621931365629,2.790868512583093,1
2.7409101181194493,2.0543005695591816,1
2.7545061192229716,2.4643833473344827,1
2.159210807150367,2.701030983030212,1
2.687889365507646,2.332718134359812,1
2.344068249892678,2.4048720527976286,1
2.5264992738444247,2.7363094936446752,1
2.362936548206786,2.364196939056258,1
2.3603728602372014,2.3454453659988714,1
2.950795243776547,2.910388767788751,1
2.6890133648130017,2.0607276059079846,1
2.6150697034807835,2.4164220663545444,1
2.346081187994103,2.7841143936477173,1
2.7191556951599645,2.946024343717751,1
2.388717417800625,2.5219702826452894,1
2.513569105539807,2.4756069064896713,1
2.6867303118045287,2.3368976782001902,1
2.7705660612324565,2.2798752911320577,1
2.4609035650648776,2.185749395871467,1
2.628696198246334,2.1415297352053955,1
2.0917330315119154,2.2019251282522694,1
2.7766874046356174,2.0617999502786954,1
2.1628518861153636,2.8058188159353348,1
2.3463060829189955,2.7099093659480173,1
2.5332677282301876,2.6769468607063494,1
2.848794793870162,2.6997877371160466,1
2.955765416351699,2.5190164370718757,1
2.3296915046874265,2.7807642842774936,1
2.4798195806434076,2.8032072200652425,1
2.0599955496888787,2.636053595514836,1
2.0955738634435273,2.8353885138237276,1
2.041046316228875,2.677019917607043,1
